{
 "Device" : "GW2A-55C",
 "Files" : [
  {
   "Path" : "F:/gowin/gowin_prj/Top/final_v/no key/final/src/BH1750_driver.v",
   "Type" : "verilog"
  },
  {
   "Path" : "F:/gowin/gowin_prj/Top/final_v/no key/final/src/Mini_LED_total/7001_rpll.v",
   "Type" : "verilog"
  },
  {
   "Path" : "F:/gowin/gowin_prj/Top/final_v/no key/final/src/Mini_LED_total/SPI7001_gowin.vp",
   "Type" : "verilog"
  },
  {
   "Path" : "F:/gowin/gowin_prj/Top/final_v/no key/final/src/Mini_LED_total/ramflag_1.v",
   "Type" : "verilog"
  },
  {
   "Path" : "F:/gowin/gowin_prj/Top/final_v/no key/final/src/Mini_LED_total/sram_top_gowin_top_sim.v",
   "Type" : "verilog"
  },
  {
   "Path" : "F:/gowin/gowin_prj/Top/final_v/no key/final/src/Top.v",
   "Type" : "verilog"
  },
  {
   "Path" : "F:/gowin/gowin_prj/Top/final_v/no key/final/src/div_area_display.v",
   "Type" : "verilog"
  },
  {
   "Path" : "F:/gowin/gowin_prj/Top/final_v/no key/final/src/gowin_ram16sdp/gowin_ram16sdp.v",
   "Type" : "verilog"
  },
  {
   "Path" : "F:/gowin/gowin_prj/Top/final_v/no key/final/src/gowin_ram16sdp_gray_data/gowin_ram16sdp_gray_data.v",
   "Type" : "verilog"
  },
  {
   "Path" : "F:/gowin/gowin_prj/Top/final_v/no key/final/src/gray_calculate.v",
   "Type" : "verilog"
  },
  {
   "Path" : "F:/gowin/gowin_prj/Top/final_v/no key/final/src/integer_division/integer_division.v",
   "Type" : "verilog"
  },
  {
   "Path" : "F:/gowin/gowin_prj/Top/final_v/no key/final/src/integer_multiplier/integer_multiplier.v",
   "Type" : "verilog"
  },
  {
   "Path" : "F:/gowin/gowin_prj/Top/final_v/no key/final/src/key.v",
   "Type" : "verilog"
  },
  {
   "Path" : "F:/gowin/gowin_prj/Top/final_v/no key/final/src/lvds_7to1_rx/LVDS71RX_1CLK8DATA.v",
   "Type" : "verilog"
  },
  {
   "Path" : "F:/gowin/gowin_prj/Top/final_v/no key/final/src/lvds_7to1_rx/bit_align_ctl.v",
   "Type" : "verilog"
  },
  {
   "Path" : "F:/gowin/gowin_prj/Top/final_v/no key/final/src/lvds_7to1_rx/gowin_rpll/LVDS_RX_rPLL.v",
   "Type" : "verilog"
  },
  {
   "Path" : "F:/gowin/gowin_prj/Top/final_v/no key/final/src/lvds_7to1_rx/lvds_7to1_rx_defines.v",
   "Type" : "verilog"
  },
  {
   "Path" : "F:/gowin/gowin_prj/Top/final_v/no key/final/src/lvds_7to1_rx/lvds_7to1_rx_top.v",
   "Type" : "verilog"
  },
  {
   "Path" : "F:/gowin/gowin_prj/Top/final_v/no key/final/src/lvds_7to1_rx/word_align_ctl.v",
   "Type" : "verilog"
  },
  {
   "Path" : "F:/gowin/gowin_prj/Top/final_v/no key/final/src/lvds_7to1_tx/gowin_rpll/LVDS_TX_rPLL.v",
   "Type" : "verilog"
  },
  {
   "Path" : "F:/gowin/gowin_prj/Top/final_v/no key/final/src/lvds_7to1_tx/ip_gddr71tx.v",
   "Type" : "verilog"
  },
  {
   "Path" : "F:/gowin/gowin_prj/Top/final_v/no key/final/src/lvds_7to1_tx/lvds_7to1_tx_defines.v",
   "Type" : "verilog"
  },
  {
   "Path" : "F:/gowin/gowin_prj/Top/final_v/no key/final/src/lvds_7to1_tx/lvds_7to1_tx_top.v",
   "Type" : "verilog"
  },
  {
   "Path" : "F:/gowin/gowin_prj/Top/final_v/no key/final/src/my_define.v",
   "Type" : "verilog"
  }
 ],
 "IncludePath" : [

 ],
 "LoopLimit" : 2000,
 "ResultFile" : "F:/gowin/gowin_prj/Top/final_v/no key/final/impl/temp/rtl_parser.result",
 "Top" : "Top",
 "VerilogStd" : "verilog_2001",
 "VhdlStd" : "vhdl_93"
}