<?xml version="1.0" encoding="UTF-8"?>
<Module name="Top" Lut="11" T_Register="3731(0)" T_Alu="28(0)" T_Lut="7892(11)" T_MULT9X9="1(0)" T_MULTADDALU18X18="2(0)" T_Bsram="2(0)" T_Ssram="532(0)">
    <SubModule name="LVDS_7to1_RX_Top_inst" Register="49" Alu="17" Lut="30" T_Register="57(49)" T_Alu="17(17)" T_Lut="46(30)">
        <SubModule name="lvds_71_rx" Lut="1" T_Lut="1(1)">
            <SubModule name="LVDS_RX_rPLL_inst"/>
        </SubModule>
        <SubModule name="wd_aln_ctl_inst" Register="8" Lut="15" T_Register="8(8)" T_Lut="15(15)"/>
    </SubModule>
    <SubModule name="LVDS_7to1_TX_Top_inst" Lut="1" T_Lut="1(1)">
        <SubModule name="LVDS_TX_rPLL_inst"/>
        <SubModule name="ip_gddr71tx_inst"/>
    </SubModule>
    <SubModule name="gray_calculate_u1" Register="2953" Lut="4229" MULTADDALU18X18="2" T_Register="2953(2953)" T_Lut="4229(4229)" T_MULTADDALU18X18="2(2)"/>
    <SubModule name="Gowin_RAM16sdp_gray_data_inst" Lut="227" Ssram="46" T_Lut="227(227)" T_Ssram="46(46)"/>
    <SubModule name="Gowin_RAM16SDP_inst" Lut="2170" Ssram="486" T_Lut="2170(2170)" T_Ssram="486(486)"/>
    <SubModule name="div_area_display_inst" Register="40" Lut="78" T_Register="40(40)" T_Lut="78(78)"/>
    <SubModule name="SPI7001_25M_1M_rPLL_inst"/>
    <SubModule name="u1" Register="82" Alu="11" Lut="123" MULT9X9="1" T_Register="82(82)" T_Alu="11(11)" T_Lut="123(123)" T_MULT9X9="1(1)"/>
    <SubModule name="key1_inst" Register="21" Lut="43" T_Register="21(21)" T_Lut="43(43)"/>
    <SubModule name="key2_inst" Register="21" Lut="42" T_Register="21(21)" T_Lut="42(42)"/>
    <SubModule name="BH1750_driver_inst" Register="34" Lut="269" T_Register="34(34)" T_Lut="269(269)"/>
    <SubModule name="u2" Register="216" Lut="192" Bsram="2" T_Register="216(216)" T_Lut="192(192)" T_Bsram="2(2)"/>
    <SubModule name="u3" Register="307" Lut="461" T_Register="307(307)" T_Lut="461(461)"/>
</Module>
